document,question_id,question,result
3640794.3665581,needs_and_expectations,"What are the explicitly stated or inferred needs and expectations of users, primarily elderly people and caregivers? This includes both directly expressed needs and user preferences accompanied by explanatory comments during interviews or post-trial reflections. Please provide your answer in the following format:

[Your concise answer here. If information is not available, write 'N/A']

Source: [Quote the relevant text from the paper here]

Do not include any additional explanations.","N/A

Source: N/A"
